date,open,close,high,low,volume,amount,name
2023-12-01,78.042,77.118,78.042,75.765,1009347.0,77838821.946,安集科技
2023-12-04,77.405,75.833,77.518,75.697,621264.0,47112312.912,安集科技
2023-12-05,75.692,75.15,76.098,74.463,782028.0,58769404.2,安集科技
2023-12-06,75.241,75.697,76.348,74.363,624500.0,47272776.5,安集科技
2023-12-07,76.143,74.385,76.143,74.044,700547.0,52110188.595000006,安集科技
2023-12-08,74.385,76.293,76.416,73.925,1147468.0,87543776.12400001,安集科技
2023-12-11,75.515,77.632,77.737,75.278,722522.0,56090827.90400001,安集科技
2023-12-12,77.632,78.147,78.657,76.658,550198.0,42996323.106000006,安集科技
2023-12-13,78.065,76.876,79.226,76.876,559622.0,43021500.872,安集科技
2023-12-14,77.518,77.382,78.657,76.152,507802.0,39294734.364,安集科技
2023-12-15,77.382,76.608,77.974,76.425,391593.0,29999156.544,安集科技
2023-12-18,76.152,74.149,76.198,73.739,698338.0,51781064.362,安集科技
2023-12-19,73.875,73.916,75.469,73.274,592788.0,43816517.808,安集科技
2023-12-20,73.944,73.042,74.24,72.336,673344.0,49182392.448,安集科技
2023-12-21,73.01,73.575,73.784,72.281,621069.0,45695151.675000004,安集科技
2023-12-22,73.752,72.873,73.761,71.607,792104.0,57722994.792,安集科技
2023-12-25,73.611,70.319,73.611,69.517,1051841.0,73964407.279,安集科技
2023-12-26,70.633,68.401,70.665,68.023,807083.0,55205284.283,安集科技
2023-12-27,68.105,70.92,71.225,67.982,1268567.0,89966771.64,安集科技
2023-12-28,70.92,70.897,72.045,70.264,1111407.0,78795422.07900001,安集科技
2023-12-29,70.687,71.944,72.81,70.487,958207.0,68937244.408,安集科技
2024-01-02,72.441,70.455,72.441,70.455,553710.0,39011638.05,安集科技
2024-01-03,70.464,68.183,70.765,67.55,740055.0,50459170.065000005,安集科技
2024-01-04,68.411,67.299,68.584,66.785,636275.0,42820671.225,安集科技
2024-01-05,67.299,65.473,67.559,65.232,871998.0,57092325.054,安集科技
2024-01-08,65.318,64.38,65.705,63.674,636543.0,40980638.339999996,安集科技
2024-01-09,64.608,64.316,65.678,63.082,793257.0,51019117.212000005,安集科技
2024-01-10,63.857,63.187,65.082,62.791,799473.0,50516300.451,安集科技
2024-01-11,63.183,64.13,64.467,62.304,902209.0,57858663.169999994,安集科技
2024-01-12,63.857,62.495,64.763,62.445,863579.0,53969369.605,安集科技
2024-01-15,62.472,62.695,63.834,61.306,1024162.0,64209836.59,安集科技
2024-01-16,62.782,62.673,64.066,62.276,940142.0,58921519.566,安集科技
2024-01-17,62.563,60.163,62.563,60.163,929888.0,55944851.743999995,安集科技
2024-01-18,60.131,63.356,63.529,58.906,1593850.0,100979960.60000001,安集科技
2024-01-19,63.857,64.294,66.352,63.606,1626905.0,104600230.07,安集科技
2024-01-22,63.857,58.46,63.893,58.301,2166427.0,126649322.42,安集科技
2024-01-23,58.442,59.02,60.532,57.709,1155837.0,68217499.74000001,安集科技
2024-01-24,59.576,60.031,60.168,57.8,1251916.0,75153769.396,安集科技
2024-01-25,59.972,61.325,61.475,58.619,1196715.0,73388547.375,安集科技
2024-01-26,60.669,60.851,61.98,59.804,1220393.0,74262134.443,安集科技
2024-01-29,60.924,58.205,61.634,57.517,1525407.0,88786314.435,安集科技
2024-01-30,58.26,54.967,58.26,54.607,1445876.0,79475466.092,安集科技
2024-01-31,55.691,54.53,55.787,52.79,1787372.0,97465395.16,安集科技
2024-02-01,54.694,57.208,59.271,53.428,1944401.0,111235292.40799999,安集科技
2024-02-02,57.299,55.432,57.731,54.093,1397396.0,77460455.072,安集科技
2024-02-05,54.179,58.073,59.899,53.232,2093290.0,121563630.17,安集科技
2024-02-06,57.253,63.857,63.893,57.026,1994803.0,127382135.171,安集科技
2024-02-07,63.857,67.272,68.72,63.857,1827820.0,122961107.04,安集科技
2024-02-08,67.955,67.277,71.143,65.359,1673668.0,112599362.036,安集科技
2024-02-19,68.319,65.291,68.411,63.401,2049117.0,133788898.04699999,安集科技
2024-02-20,64.676,64.767,65.132,62.95,1361565.0,88184480.35499999,安集科技
2024-02-21,63.72,65.186,66.348,63.397,1253951.0,81740049.886,安集科技
2024-02-22,65.678,65.942,66.079,64.54,976382.0,64384581.844,安集科技
2024-02-23,66.179,66.361,67.718,65.405,1052637.0,69854043.957,安集科技
2024-02-26,66.038,66.138,67.181,65.223,1118335.0,73964440.23,安集科技
2024-02-27,65.628,67.386,67.395,65.132,1564829.0,105447566.99399999,安集科技
2024-02-28,67.636,63.301,67.682,63.301,1874967.0,118687286.067,安集科技
2024-02-29,62.946,67.951,70.533,62.855,2636415.0,179147035.665,安集科技
2024-03-01,68.365,68.811,69.754,67.418,1905851.0,131143513.16100001,安集科技
2024-03-04,68.788,70.264,70.965,68.201,1820192.0,127893970.688,安集科技
2024-03-05,69.576,67.75,70.278,66.971,1712666.0,116033121.5,安集科技
2024-03-06,67.267,66.361,67.951,65.528,1435249.0,95244558.88900001,安集科技
2024-03-07,66.999,65.359,68.397,65.332,1535696.0,100371554.864,安集科技
2024-03-08,65.45,66.225,67.035,65.45,1097536.0,72684321.6,安集科技
2024-03-11,65.674,66.534,66.534,65.268,1491911.0,99262806.474,安集科技
2024-03-12,66.562,67.34,68.183,65.701,1504456.0,101310067.04,安集科技
2024-03-13,67.495,67.204,68.52,67.181,1400969.0,94150720.67599998,安集科技
2024-03-14,66.808,65.801,66.949,65.296,1062622.0,69921590.222,安集科技
2024-03-15,65.623,64.704,65.678,63.674,1328504.0,85959522.81599998,安集科技
2024-03-18,65.223,64.303,65.223,62.946,2687129.0,172790456.08699998,安集科技
2024-03-19,64.13,64.203,65.041,63.674,1463160.0,93939261.48,安集科技
2024-03-20,64.207,63.629,64.43,62.996,1885107.0,119947473.303,安集科技
2024-03-21,64.034,63.128,65.391,62.764,1503602.0,94919387.056,安集科技
2024-03-22,63.128,63.356,64.617,62.75,1409734.0,89315107.304,安集科技
2024-03-25,62.791,62.14,64.722,60.591,2394440.0,148790501.6,安集科技
2024-03-26,62.24,61.224,63.652,60.988,1588847.0,97275568.728,安集科技
2024-03-27,60.965,58.21,61.238,58.21,1627043.0,94710173.03,安集科技
2024-03-28,58.524,59.854,60.432,58.301,1487315.0,89021752.01,安集科技
2024-03-29,59.849,61.42,61.438,59.075,1084941.0,66637076.22,安集科技
2024-04-01,61.798,63.183,63.369,60.974,1227005.0,77525856.915,安集科技
2024-04-02,63.151,63.72,64.034,62.504,1168171.0,74435856.12,安集科技
2024-04-03,63.624,64.048,64.995,62.928,1119774.0,71719285.152,安集科技
2024-04-08,63.629,61.689,63.629,61.411,793515.0,48951146.835,安集科技
2024-04-09,61.429,62.923,63.142,61.425,619376.0,38972996.048,安集科技
2024-04-10,64.039,61.498,64.039,61.361,700727.0,43093309.046,安集科技
2024-04-11,61.015,59.43,62.03,59.248,1070543.0,63622370.49,安集科技
2024-04-12,59.895,58.966,60.077,58.779,592579.0,34942013.314,安集科技
2024-04-15,59.148,60.828,62.017,59.148,1241409.0,75512426.65200001,安集科技
2024-04-16,61.074,61.602,62.846,60.933,1726111.0,106331889.822,安集科技
2024-04-17,61.625,63.629,63.711,60.96,1391388.0,88532627.052,安集科技
2024-04-18,63.615,63.852,64.904,62.691,1295330.0,82709411.16,安集科技
2024-04-19,63.201,61.124,63.788,60.947,983246.0,60099928.504,安集科技
2024-04-22,61.124,60.541,61.766,59.908,815544.0,49373849.304,安集科技
2024-04-23,60.669,60.177,61.311,59.926,577307.0,34740603.339,安集科技
2024-04-24,60.241,61.352,61.479,60.031,613855.0,37661231.96,安集科技
2024-04-25,61.115,62.581,63.474,60.327,1275367.0,79813742.227,安集科技
2024-04-26,62.071,62.987,63.857,62.071,1081007.0,68089387.90900001,安集科技
2024-04-29,67.044,73.67,73.693,67.044,4740695.0,349247000.65000004,安集科技
2024-04-30,75.241,74.445,75.469,73.347,1963359.0,146162260.755,安集科技
2024-05-06,75.697,75.66,76.089,73.921,1741046.0,131727540.36,安集科技
2024-05-07,75.496,74.932,77.018,74.618,1182132.0,88579515.024,安集科技
2024-05-08,74.103,73.42,74.991,72.509,1288809.0,94624356.78,安集科技
2024-05-09,73.484,75.779,76.38,73.484,1414697.0,107204323.963,安集科技
2024-05-10,75.779,73.957,76.148,73.479,903521.0,66821702.596999995,安集科技
2024-05-13,72.942,72.878,74.285,72.782,831456.0,60594850.368,安集科技
2024-05-14,73.379,72.737,74.276,72.058,591193.0,43001605.241,安集科技
2024-05-15,72.682,71.507,73.174,71.311,489333.0,34990734.831,安集科技
2024-05-16,71.831,72.678,73.138,71.831,755614.0,54916514.291999996,安集科技
2024-05-17,72.145,72.045,73.056,70.214,1319742.0,95080812.39,安集科技
2024-05-20,71.999,73.73,73.962,71.17,1046313.0,77144657.49000001,安集科技
2024-05-21,73.73,72.964,74.317,72.368,820606.0,59874696.184,安集科技
2024-05-22,73.033,71.006,73.32,70.851,1154447.0,81972663.682,安集科技
2024-05-23,71.407,69.317,71.407,69.062,956542.0,66304621.813999996,安集科技
2024-05-24,69.189,69.144,69.736,68.101,911909.0,63053035.896000005,安集科技
2024-05-27,69.686,72.969,73.092,67.272,2012572.0,146855366.26799998,安集科技
2024-05-28,72.295,72.992,75.697,71.78,1517666.0,110777476.672,安集科技
2024-05-29,72.509,71.061,73.465,70.369,946542.0,67262221.062,安集科技
2024-05-30,70.232,71.831,73.133,70.232,827439.0,59435770.809,安集科技
2024-05-31,71.689,70.697,72.495,70.296,867864.0,61355381.208000004,安集科技
2024-06-03,71.239,73.857,74.731,70.692,1721242.0,127125770.394,安集科技
2024-06-04,73.242,74.326,74.567,72.737,1147400.0,85281652.39999999,安集科技
2024-06-05,74.331,74.627,76.316,73.502,1497075.0,111722216.02499999,安集科技
2024-06-06,76.303,74.731,77.391,74.062,1791735.0,133898148.285,安集科技
2024-06-07,73.693,73.552,76.649,72.336,1498599.0,110224953.64800002,安集科技
2024-06-11,73.36,77.231,77.461,72.65,2552445.0,197127879.795,安集科技
2024-06-12,77.213,76.526,78.42,76.29,1763223.0,134932403.298,安集科技
2024-06-13,76.881,78.006,79.249,76.526,2193710.0,171122542.26,安集科技
2024-06-14,77.627,77.497,77.864,75.917,1578211.0,122306617.867,安集科技
2024-06-17,76.834,79.071,79.249,76.313,1562688.0,123563302.84799999,安集科技
2024-06-18,78.722,78.663,80.841,77.018,1881438.0,147999557.394,安集科技
2024-06-19,79.249,76.816,79.645,75.325,1892997.0,145412457.55200002,安集科技
2024-06-20,76.799,77.55,79.361,76.384,1626100.0,126104055.0,安集科技
2024-06-21,76.68,77.491,77.769,75.739,1002364.0,77674188.724,安集科技
2024-06-24,76.881,75.165,78.539,75.088,1263726.0,94987964.79,安集科技
2024-06-25,75.07,72.567,75.295,71.88,1590017.0,115382763.63899998,安集科技
2024-06-26,73.922,74.449,75.047,72.011,1228022.0,91425009.87799999,安集科技
2024-06-27,73.721,74.106,75.337,73.721,1073323.0,79539674.23799999,安集科技
2024-06-28,73.626,73.804,75.556,72.94,1081270.0,79802051.08,安集科技
2024-07-01,74.058,72.443,74.36,71.223,1250815.0,90612791.045,安集科技
2024-07-02,72.537,71.703,73.259,71.436,886945.0,63596617.335,安集科技
2024-07-03,71.715,72.857,74.088,71.099,1022484.0,74495116.788,安集科技
2024-07-04,72.508,71.555,73.324,71.401,892182.0,63840083.010000005,安集科技
2024-07-05,71.265,71.809,72.348,69.122,1530997.0,109939363.573,安集科技
2024-07-08,71.809,71.436,73.141,71.217,1081067.0,77227102.21200001,安集科技
2024-07-09,70.489,72.94,73.419,70.46,1533578.0,111859179.32,安集科技
2024-07-10,73.094,66.228,73.153,64.453,3997839.0,264768881.29199997,安集科技
2024-07-11,66.832,66.098,69.294,65.932,3152918.0,208401573.964,安集科技
2024-07-12,65.636,68.27,69.412,64.749,1901582.0,129821003.13999999,安集科技
2024-07-15,68.891,70.075,71.555,68.891,1687893.0,118279101.97500001,安集科技
2024-07-16,69.732,71.247,71.513,69.253,1234069.0,87923714.043,安集科技
2024-07-17,70.531,71.507,72.265,69.602,1400463.0,100142907.74100001,安集科技
2024-07-18,70.815,72.449,73.259,70.235,2004768.0,145243436.832,安集科技
2024-07-19,72.046,72.087,73.804,70.785,1972539.0,142194418.893,安集科技
2024-07-22,72.561,70.472,72.863,70.389,1556679.0,109702282.48799999,安集科技
2024-07-23,70.501,64.749,70.543,64.749,2770787.0,179405687.463,安集科技
2024-07-24,64.453,63.541,65.34,63.281,1223773.0,77759760.19299999,安集科技
2024-07-25,63.038,62.215,63.76,61.967,1226805.0,76325673.075,安集科技
2024-07-26,62.6,63.565,64.275,61.6,1041159.0,66181271.835,安集科技
2024-07-29,63.577,62.381,64.127,62.144,1038014.0,64752351.334,安集科技
2024-07-30,62.423,62.795,64.257,60.961,1544383.0,96979530.485,安集科技
2024-07-31,62.387,67.382,67.412,62.387,1880013.0,126679035.966,安集科技
2024-08-01,67.862,67.471,68.501,66.471,1472242.0,99333639.98200001,安集科技
2024-08-02,66.554,64.63,67.743,64.293,1247417.0,80620560.71,安集科技
2024-08-05,63.985,61.76,65.34,61.482,1601912.0,98934085.11999999,安集科技
2024-08-06,62.677,63.269,63.589,61.624,1401879.0,88695482.451,安集科技
2024-08-07,62.979,62.34,63.541,62.304,983289.0,61298236.260000005,安集科技
2024-08-08,61.896,63.257,64.447,61.505,1778795.0,112521235.315,安集科技
2024-08-09,65.636,62.304,65.814,62.245,1381313.0,86061325.15200001,安集科技
2024-08-12,62.304,62.795,62.961,61.197,1136757.0,71382655.815,安集科技
2024-08-13,62.677,63.151,63.938,61.92,867739.0,54798585.589,安集科技
2024-08-14,63.6,59.777,63.6,59.73,1907447.0,114021459.319,安集科技
2024-08-15,59.931,60.517,61.286,59.357,1272243.0,76992329.631,安集科技
2024-08-16,60.369,59.955,61.156,59.907,750669.0,45006359.894999996,安集科技
2024-08-19,59.777,59.623,60.949,58.919,772211.0,46041536.453,安集科技
2024-08-20,59.742,58.854,60.203,58.339,1042221.0,61338874.734,安集科技
2024-08-21,58.824,58.469,59.256,58.244,697852.0,40802708.588,安集科技
2024-08-22,58.333,57.854,58.8,57.587,935157.0,54102573.078,安集科技
2024-08-23,58.114,57.439,58.114,56.332,942410.0,54131087.99,安集科技
2024-08-26,58.534,59.895,61.618,58.534,1941646.0,116294887.17,安集科技
2024-08-27,59.517,62.251,62.89,59.469,2170912.0,135141442.912,安集科技
2024-08-28,62.606,63.103,63.334,61.837,1231630.0,77719547.89,安集科技
2024-08-29,62.973,64.5,65.11,62.085,1347266.0,86898657.0,安集科技
2024-08-30,63.896,65.962,67.116,63.879,1966867.0,129738481.054,安集科技
2024-09-02,65.435,64.032,66.412,63.985,1379638.0,88340980.416,安集科技
2024-09-03,63.861,64.151,65.216,63.269,1040794.0,66767975.893999994,安集科技
2024-09-04,63.843,64.18,65.027,63.565,639959.0,41072568.620000005,安集科技
2024-09-05,64.589,63.494,64.867,63.34,588666.0,37376759.004,安集科技
2024-09-06,63.802,62.085,63.802,61.825,558445.0,34671057.825,安集科技
2024-09-09,61.493,61.493,64.453,60.665,928855.0,57118080.515,安集科技
2024-09-10,61.257,62.298,62.795,60.831,782246.0,48732361.308,安集科技
2024-09-11,61.541,62.369,63.18,61.493,591583.0,36896440.127,安集科技
2024-09-12,63.014,62.245,63.257,62.091,666919.0,41512373.155,安集科技
2024-09-13,62.991,60.783,62.991,60.653,779000.0,47349957.0,安集科技
2024-09-18,60.842,62.31,62.6,60.842,749064.0,46674177.84,安集科技
2024-09-19,62.399,62.594,64.749,61.706,1107522.0,69324232.068,安集科技
2024-09-20,62.594,62.281,62.837,61.197,787374.0,49038440.094,安集科技
2024-09-23,62.067,61.523,63.115,60.487,777063.0,47807246.949,安集科技
2024-09-24,61.967,64.169,64.453,60.765,1294504.0,83067027.176,安集科技
2024-09-25,64.749,62.565,66.027,62.429,1704010.0,106611385.64999999,安集科技
2024-09-26,62.677,65.63,65.63,61.31,2254657.0,147973138.91,安集科技
2024-09-27,67.116,70.347,70.371,66.228,1281982.0,90183587.754,安集科技
2024-09-30,74.336,82.214,83.273,72.147,4404994.0,362152176.716,安集科技
2024-10-08,98.786,97.857,98.786,86.943,9661368.0,945432488.376,安集科技
2024-10-09,92.861,87.239,100.822,83.978,10451233.0,911755115.687,安集科技
2024-10-10,87.535,82.149,90.908,82.149,5277782.0,433564513.518,安集科技
2024-10-11,81.379,78.592,81.971,75.627,3869195.0,304087773.44,安集科技
2024-10-14,78.065,79.059,80.953,74.118,4712979.0,372603406.761,安集科技
2024-10-15,78.112,76.645,80.906,76.633,3547473.0,271896068.085,安集科技
2024-10-16,75.106,76.355,78.16,74.378,2226701.0,170019754.85500002,安集科技
2024-10-17,77.414,75.431,78.527,75.425,2247753.0,169550256.54299998,安集科技
2024-10-18,75.615,83.984,87.464,74.869,5087766.0,427290939.74399996,安集科技
2024-10-21,85.463,83.984,89.654,83.114,5394327.0,453037158.76799995,安集科技
2024-10-22,83.131,82.285,83.794,80.462,3546435.0,291818403.97499996,安集科技
2024-10-23,82.107,81.61,83.682,81.084,2196753.0,179277012.33,安集科技
2024-10-24,81.06,82.031,83.102,81.013,1746869.0,143297410.939,安集科技
2024-10-25,82.196,82.977,85.09,81.024,2651120.0,219981984.24,安集科技
2024-10-28,83.102,82.107,83.522,81.616,1900170.0,156017258.19,安集科技
2024-10-29,82.125,82.782,85.682,82.107,2898807.0,239969041.074,安集科技
2024-10-30,87.239,88.6,90.967,85.173,7314258.0,648043258.8,安集科技
2024-10-31,88.647,90.553,91.843,85.232,5043855.0,456736201.815,安集科技
2024-11-01,89.902,86.972,90.725,86.706,3358149.0,292064934.828,安集科技
2024-11-04,86.789,92.21,93.897,86.653,3197879.0,294876422.59,安集科技
2024-11-05,91.678,95.803,96.685,91.109,3672472.0,351833835.016,安集科技
2024-11-06,97.004,94.234,97.531,93.666,2964213.0,279329647.842,安集科技
2024-11-07,94.637,93.335,95.602,91.713,2855960.0,266561026.6,安集科技
2024-11-08,95.11,95.613,99.958,93.583,4614375.0,441194236.875,安集科技
2024-11-11,95.631,99.36,102.733,95.631,4709107.0,467896871.52,安集科技
2024-11-12,99.62,99.135,102.301,96.341,4412045.0,437388081.07500005,安集科技
2024-11-13,97.075,93.867,97.981,91.891,5492376.0,515552857.99200004,安集科技
2024-11-14,93.844,90.305,94.785,89.961,3307553.0,298688573.665,安集科技
2024-11-15,90.595,89.008,91.944,88.718,2932987.0,261059306.896,安集科技
2024-11-18,88.718,89.192,90.896,87.114,2576396.0,229793912.03199998,安集科技
2024-11-19,89.275,94.116,94.921,89.239,4066976.0,382767513.216,安集科技
2024-11-20,92.861,93.057,94.24,92.086,2169165.0,201855987.405,安集科技
2024-11-21,93.276,92.169,93.808,91.086,1626613.0,149923293.597,安集科技
2024-11-22,92.269,87.7,93.24,87.7,2035427.0,178506947.9,安集科技
2024-11-25,87.985,88.363,89.873,85.883,1776595.0,156985263.98499998,安集科技
2024-11-26,87.653,87.44,89.648,87.12,1258000.0,109999520.0,安集科技
2024-11-27,86.949,90.198,90.198,85.049,2217832.0,200044010.73599997,安集科技
2024-11-28,90.109,89.251,91.979,88.718,1798241.0,160494807.491,安集科技
2024-11-29,88.997,90.956,92.406,88.304,2167515.0,197148494.34,安集科技
2024-12-02,90.967,91.175,93.453,88.417,3078662.0,280697007.84999996,安集科技
2024-12-03,92.269,90.784,93.382,89.902,1874132.0,170141199.488,安集科技
2024-12-04,92.601,89.938,92.974,89.31,1951605.0,175523450.49,安集科技
2024-12-05,88.926,87.748,90.08,87.316,2479151.0,217540541.948,安集科技
2024-12-06,88.067,87.547,90.849,87.363,2039125.0,178519276.375,安集科技
2024-12-09,87.535,86.233,88.559,85.528,1994304.0,171974816.83200002,安集科技
2024-12-10,90.831,86.854,91.678,86.517,2357885.0,204791743.79,安集科技
2024-12-11,86.896,86.351,87.831,86.28,1873186.0,161751484.28599998,安集科技
2024-12-12,86.529,87.541,89.192,85.173,2443565.0,213912123.665,安集科技
2024-12-13,86.943,86.41,88.239,85.771,2745593.0,237246691.13,安集科技
2024-12-16,86.233,83.096,86.765,82.445,3123198.0,259525261.00800002,安集科技
2024-12-17,83.06,82.747,83.889,82.238,1840726.0,152314554.322,安集科技
2024-12-18,82.906,83.475,84.274,82.38,1341108.0,111948990.3,安集科技
2024-12-19,82.8,83.143,84.28,82.238,1733347.0,144115669.621,安集科技
2024-12-20,83.143,86.961,88.422,82.871,3413798.0,296867287.878,安集科技
2024-12-23,86.937,84.759,87.399,84.552,2099152.0,177922024.368,安集科技
2024-12-24,84.931,86.813,87.12,83.972,1941450.0,168543098.85,安集科技
2024-12-25,86.458,88.008,89.05,86.458,2237293.0,196899682.34399998,安集科技
2024-12-26,87.635,87.375,87.985,85.493,1979478.0,172956890.25,安集科技
2024-12-27,87.126,84.019,88.997,83.883,3672231.0,308537176.389,安集科技
2024-12-30,84.031,84.99,86.173,83.457,2456409.0,208770200.91,安集科技
2024-12-31,84.99,81.829,85.641,81.829,2079772.0,170185662.98799998,安集科技
2025-01-02,81.681,78.474,82.208,77.355,2474895.0,194214910.23000002,安集科技
2025-01-03,78.953,77.751,80.178,77.479,2029371.0,157785624.62100002,安集科技
2025-01-06,77.473,78.024,79.776,77.1,1916439.0,149528236.536,安集科技
2025-01-07,78.024,78.983,80.184,76.662,2381178.0,188072581.974,安集科技
2025-01-08,78.716,77.781,79.598,75.994,2723582.0,211842931.54200003,安集科技
2025-01-09,77.473,77.787,78.953,77.059,1815663.0,141234977.78100002,安集科技
2025-01-10,77.473,78.864,81.338,77.473,3548128.0,279819566.592,安集科技
2025-01-13,78.065,80.012,82.338,77.124,2452973.0,196267275.676,安集科技
2025-01-14,80.681,85.505,85.919,80.433,3280815.0,280526086.575,安集科技
2025-01-15,85.167,85.114,85.747,84.581,1549025.0,131843713.85000001,安集科技
2025-01-16,85.114,84.552,86.665,84.138,2313812.0,195637432.224,安集科技
2025-01-17,84.469,87.677,87.695,84.209,3941616.0,345589066.032,安集科技
2025-01-20,87.535,85.712,88.115,85.167,2699413.0,231372087.056,安集科技
2025-01-21,86.286,89.18,89.18,85.984,2047241.0,182572952.38000003,安集科技
2025-01-22,88.896,88.067,90.31,87.535,2846684.0,250698919.82799998,安集科技
2025-01-23,88.718,87.138,89.292,86.469,3356371.0,292467456.198,安集科技
2025-01-24,86.937,86.724,88.05,86.15,2482526.0,215294584.824,安集科技
2025-01-27,86.937,85.641,87.416,85.481,1226081.0,105002802.921,安集科技
2025-02-05,86.872,84.871,87.351,84.043,2036821.0,172867035.091,安集科技
2025-02-06,85.025,89.31,89.624,84.516,2590031.0,231315668.61,安集科技
2025-02-07,89.239,90.849,92.269,88.15,2820016.0,256195633.58400002,安集科技
2025-02-10,90.849,90.5,91.405,88.186,1893192.0,171333876.0,安集科技
2025-02-11,90.494,88.411,90.494,88.186,1464331.0,129462968.04100001,安集科技
2025-02-12,88.192,88.245,88.653,86.233,2643503.0,233275922.235,安集科技
2025-02-13,88.245,88.955,90.097,87.535,2793697.0,248513316.635,安集科技
2025-02-14,87.949,86.351,89.902,85.759,2538624.0,219212721.024,安集科技
2025-02-17,86.351,87.274,87.618,84.919,2480751.0,216505062.774,安集科技
2025-02-18,87.292,88.795,91.832,86.375,2911098.0,258490946.91,安集科技
2025-02-19,88.298,92.311,92.844,88.298,2752690.0,254103566.59000003,安集科技
2025-02-20,92.269,93.933,95.211,91.447,2752506.0,258551146.09800002,安集科技
2025-02-21,92.867,95.821,96.708,92.269,2590656.0,248239248.576,安集科技
2025-02-24,97.377,96.809,98.78,94.933,2537293.0,245632798.037,安集科技
2025-02-25,95.465,97.709,101.662,94.915,2920756.0,285384148.004,安集科技
2025-02-26,97.578,96.176,98.602,95.359,2592879.0,249372730.704,安集科技
2025-02-27,95.886,93.962,96.324,92.394,2288420.0,215024520.04000002,安集科技
2025-02-28,97.004,93.453,99.372,93.128,3325417.0,310770194.901,安集科技
2025-03-03,93.933,94.637,96.933,91.755,2647528.0,250554107.336,安集科技
2025-03-04,94.104,94.465,96.809,93.453,2134966.0,201679563.19,安集科技
2025-03-05,94.637,93.927,95.406,93.039,1307315.0,122792176.00500001,安集科技
2025-03-06,95.099,96.117,97.407,93.749,2536143.0,243766456.731,安集科技
2025-03-07,95.294,94.442,95.892,93.453,1454795.0,137393749.39,安集科技
2025-03-10,94.459,93.654,95.702,92.684,1597356.0,149598778.824,安集科技
2025-03-11,93.447,92.127,94.335,91.542,1312387.0,120906277.14899999,安集科技
2025-03-12,92.802,92.447,93.453,91.914,1605889.0,148459620.38300002,安集科技
2025-03-13,92.459,90.991,92.625,90.032,1404865.0,127830071.215,安集科技
2025-03-14,90.648,90.908,92.423,89.73,1953257.0,177566687.356,安集科技
2025-03-17,91.5,90.151,91.678,89.902,1239717.0,111761727.26699999,安集科技
2025-03-18,90.748,90.79,92.009,89.742,1366513.0,124065715.27000001,安集科技
2025-03-19,90.435,89.878,91.252,89.541,1008299.0,90623897.522,安集科技
2025-03-20,89.902,89.352,90.127,88.961,983208.0,87851601.216,安集科技
2025-03-21,88.772,90.376,90.79,88.772,2098524.0,189656205.02400002,安集科技
2025-03-24,89.677,96.963,96.992,89.665,4664108.0,452245904.00399995,安集科技
2025-03-25,96.353,95.229,98.537,94.844,2044387.0,194684929.623,安集科技
2025-03-26,94.791,97.3,99.597,94.708,2064722.0,200897450.6,安集科技
2025-03-27,97.004,99.981,102.656,96.88,3197626.0,319701845.106,安集科技
2025-03-28,99.981,96.803,101.875,96.412,2106219.0,203888317.857,安集科技
2025-03-31,96.051,98.774,100.703,95.229,2456280.0,242616600.72,安集科技
2025-04-01,99.082,98.608,99.845,97.312,2017059.0,198898153.872,安集科技
2025-04-02,98.898,97.022,99.253,94.832,3983716.0,386508093.75200003,安集科技
2025-04-03,95.832,94.933,96.341,93.104,3309240.0,314156080.92,安集科技
2025-04-07,85.824,89.31,95.229,85.824,5071017.0,452892528.27000004,安集科技
2025-04-08,90.488,88.127,92.861,87.061,3345848.0,294859546.696,安集科技
2025-04-09,87.535,89.896,95.276,86.363,4197082.0,377300883.472,安集科技
2025-04-10,91.263,92.808,94.045,89.938,3200209.0,297004996.87200004,安集科技
2025-04-11,91.755,101.295,103.396,91.559,5779332.0,585417434.94,安集科技
2025-04-14,101.295,100.845,102.869,99.502,3835410.0,386781921.45,安集科技
2025-04-15,100.816,99.638,101.058,98.537,2567581.0,255828635.678,安集科技
2025-04-16,99.964,98.75,101.733,96.927,3438996.0,339600855.0,安集科技
2025-04-17,98.709,102.301,104.385,98.188,3973134.0,406455581.334,安集科技
2025-04-18,101.443,101.686,103.923,100.976,2055533.0,209018928.638,安集科技
2025-04-21,101.68,102.195,103.805,100.029,1940048.0,198263205.35999998,安集科技
2025-04-22,102.266,101.733,103.627,100.662,2343760.0,238437736.08,安集科技
2025-04-23,102.272,100.733,102.325,98.087,2739272.0,275935086.376,安集科技
2025-04-24,100.733,100.141,102.029,98.981,1370390.0,137232224.99,安集科技
2025-04-25,100.437,97.898,100.751,97.774,2374333.0,232442452.03399998,安集科技
2025-04-28,98.827,98.721,99.301,97.01,1289964.0,127346536.044,安集科技
2025-04-29,101.147,106.355,106.474,100.845,5557542.0,591072379.41,安集科技
2025-04-30,106.651,108.664,108.758,104.929,3133531.0,340502012.584,安集科技
2025-05-06,109.196,110.794,113.304,107.936,3911452.0,433365412.888,安集科技
2025-05-07,110.617,108.693,112.392,108.22,2479692.0,269525162.556,安集科技
2025-05-08,108.717,110.102,111.842,107.231,2384702.0,262560459.604,安集科技
2025-05-09,109.143,108.232,110.392,106.705,2269894.0,245675167.408,安集科技
2025-05-12,108.249,107.64,108.954,106.107,2018056.0,217223547.84,安集科技
2025-05-13,108.545,106.0,108.841,104.876,2281867.0,241877902.0,安集科技
2025-05-14,106.184,106.503,107.853,105.355,1893736.0,201688565.208,安集科技
2025-05-15,106.74,104.994,108.634,104.467,1885423.0,197958102.462,安集科技
2025-05-16,105.006,105.468,108.101,104.485,2339026.0,246692394.168,安集科技
2025-05-19,105.468,104.911,106.616,102.331,2144926.0,225026331.586,安集科技
2025-05-20,104.911,103.793,106.042,103.633,1461592.0,151703018.456,安集科技
2025-05-21,103.864,103.793,104.106,102.491,1570560.0,163013134.08,安集科技
2025-05-22,103.278,101.917,104.254,101.763,1530957.0,156030544.569,安集科技
2025-05-23,102.301,102.331,103.645,101.029,1666362.0,170520489.822,安集科技
2025-05-26,102.295,101.656,103.627,101.153,1468406.0,149272280.336,安集科技
2025-05-27,101.638,101.135,102.804,99.372,2197055.0,222199157.425,安集科技
2025-05-28,101.579,100.958,102.568,99.898,1207088.0,121865190.304,安集科技
2025-05-29,100.958,102.189,102.899,99.668,2190859.0,223881690.35099998,安集科技
2025-05-30,101.739,100.224,102.615,99.964,1571190.0,157470946.56,安集科技
2025-06-03,99.969,104.9,105.468,99.857,3100348.0,325226505.2,安集科技
2025-06-04,104.355,102.84,104.9,102.739,1962256.0,201798407.04000002,安集科技
2025-06-05,103.041,105.894,106.391,102.864,2038185.0,215831562.39000002,安集科技
2025-06-06,105.9,106.77,107.616,104.231,1998967.0,213429706.59,安集科技
2025-06-09,106.237,106.486,108.167,105.882,1691046.0,180072724.356,安集科技
2025-06-10,106.847,104.467,107.314,102.029,2734353.0,285649654.851,安集科技
2025-06-11,104.485,109.078,109.208,103.325,2617783.0,285542534.074,安集科技
2025-06-12,108.533,107.557,109.374,106.592,2087858.0,224563742.90600002,安集科技
2025-06-13,106.296,108.214,109.723,105.977,3321359.0,359417542.826,安集科技
2025-06-16,107.646,104.985,109.069,102.0,5035933.0,528697426.005,安集科技
2025-06-17,104.362,102.546,105.446,101.985,2326213.0,238543838.298,安集科技
2025-06-18,102.308,103.892,105.369,102.2,2057624.0,213770672.60799998,安集科技
2025-06-19,103.539,105.769,105.769,103.085,2237025.0,236607897.22500002,安集科技
2025-06-20,105.254,106.039,107.062,104.692,1473188.0,156215382.332,安集科技
2025-06-23,105.546,106.346,111.5,105.462,3848130.0,409233232.98,安集科技
2025-06-24,106.569,110.0,110.669,105.292,2706899.0,297758890.0,安集科技
2025-06-25,109.923,110.292,110.377,107.769,2381587.0,262669993.404,安集科技
2025-06-26,109.623,109.123,111.446,108.539,2061725.0,224981617.175,安集科技
2025-06-27,110.069,110.677,111.408,108.754,1853505.0,205140372.88500002,安集科技
2025-06-30,111.0,116.385,116.646,111.0,4064144.0,473005399.44,安集科技
2025-07-01,118.208,122.231,123.462,117.615,5732535.0,700693485.5849999,安集科技
2025-07-02,120.677,118.062,121.154,116.369,4269800.0,504101127.59999996,安集科技
2025-07-03,118.062,117.815,118.892,116.708,2711279.0,319429335.385,安集科技
2025-07-04,117.831,119.539,123.462,115.846,3152981.0,376904195.759,安集科技
2025-07-07,119.077,116.746,120.223,116.231,2737849.0,319632919.354,安集科技
2025-07-08,116.923,117.992,121.185,116.923,2785456.0,328661524.352,安集科技
2025-07-09,117.585,113.385,117.585,113.085,4685787.0,531297958.995,安集科技
2025-07-10,113.415,113.523,113.908,112.385,2007167.0,227859619.341,安集科技
2025-07-11,113.523,113.592,115.654,112.946,2156007.0,244905147.144,安集科技
2025-07-14,113.592,114.785,115.462,112.577,2194022.0,251840815.26999998,安集科技
2025-07-15,114.308,112.415,116.315,112.046,3110295.0,349643812.425,安集科技
2025-07-16,112.369,112.931,114.077,112.139,1692719.0,191160449.389,安集科技
2025-07-17,112.7,112.462,113.077,109.615,3072972.0,345592577.064,安集科技
2025-07-18,112.485,113.385,114.446,112.146,1756316.0,199139889.66,安集科技
2025-07-21,113.385,113.108,114.139,111.985,1497027.0,169325729.916,安集科技
2025-07-22,113.108,115.008,116.177,112.3,3058213.0,351718960.704,安集科技
2025-07-23,115.062,118.154,119.0,113.985,3585788.0,423675195.352,安集科技
2025-07-24,117.892,119.015,120.892,117.077,2831765.0,337022511.475,安集科技
2025-07-25,118.808,120.831,121.423,117.815,2012557.0,243179274.867,安集科技
2025-07-28,120.839,117.515,121.515,117.139,2881420.0,338610071.3,安集科技
2025-07-29,117.246,118.8,119.462,116.754,1872048.0,222399302.4,安集科技
2025-07-30,118.346,116.531,119.892,116.054,2676261.0,311867370.591,安集科技
2025-07-31,115.2,114.831,117.677,114.3,2541109.0,291798087.579,安集科技
2025-08-01,115.208,113.077,116.908,112.539,2097060.0,237129253.62,安集科技
2025-08-04,112.854,114.785,115.692,112.008,1708467.0,196106384.595,安集科技
2025-08-05,115.015,114.923,116.139,113.908,1611569.0,185206344.187,安集科技
2025-08-06,114.739,114.585,115.862,113.939,1940070.0,222302920.95,安集科技
2025-08-07,114.623,113.385,116.531,112.577,2821167.0,319878020.295,安集科技
2025-08-08,113.454,111.923,113.985,111.462,1727767.0,193376865.941,安集科技
2025-08-11,111.915,112.308,113.5,111.369,1929056.0,216648421.24800003,安集科技
2025-08-12,112.508,114.562,114.815,111.154,2582463.0,295852126.206,安集科技
2025-08-13,114.577,116.515,117.715,114.577,2884598.0,336098935.97,安集科技
2025-08-14,116.523,112.446,118.7,112.392,3934701.0,442441388.64599997,安集科技
2025-08-15,112.462,113.385,113.808,111.446,3527320.0,399945178.20000005,安集科技
2025-08-18,113.577,114.339,115.946,112.192,4730503.0,540880982.517,安集科技
2025-08-19,114.331,113.985,116.808,113.762,3453458.0,393642410.13,安集科技
2025-08-20,113.846,118.077,118.423,113.077,4576928.0,540429927.456,安集科技
2025-08-21,118.0,119.269,120.977,116.992,4299260.0,512768440.94,安集科技
2025-08-22,118.885,124.6,124.6,118.777,6961166.0,867361283.5999999,安集科技
2025-08-25,127.0,122.208,131.154,120.385,9499227.0,1160881533.216,安集科技
2025-08-26,125.0,127.615,131.308,124.231,9461548.0,1207435448.02,安集科技
2025-08-27,127.615,129.292,137.308,125.423,8969752.0,1159717175.584,安集科技
2025-08-28,128.846,136.615,137.1,128.208,9166775.0,1252318966.625,安集科技
2025-08-29,136.539,134.692,136.539,132.054,6118015.0,824047676.38,安集科技
2025-09-01,136.539,145.762,148.0,134.215,8369412.0,1219942231.944,安集科技
2025-09-02,143.223,134.992,147.308,133.585,7192595.0,970942784.2399999,安集科技
2025-09-03,134.985,133.923,137.308,132.308,4089880.0,547728999.24,安集科技
2025-09-04,133.246,126.977,134.792,124.539,6362848.0,807935350.496,安集科技
2025-09-05,127.308,131.823,132.477,126.0,4245226.0,559618426.998,安集科技
2025-09-08,131.654,131.992,132.492,129.231,3832343.0,505838617.256,安集科技
2025-09-09,130.385,127.431,131.892,126.308,4304077.0,548472836.187,安集科技
2025-09-10,127.992,129.631,131.885,127.662,3517224.0,455941264.344,安集科技
2025-09-11,128.854,136.846,137.685,128.115,5629785.0,770413558.11,安集科技
2025-09-12,136.923,136.969,140.308,135.962,4166191.0,570639015.079,安集科技
2025-09-15,138.277,135.385,139.0,134.992,3122328.0,422716376.28,安集科技
2025-09-16,134.846,136.154,137.154,133.854,3519374.0,479176847.596,安集科技
2025-09-17,136.539,142.439,144.908,135.0,5055978.0,720168450.342,安集科技
2025-09-18,141.0,146.508,149.523,141.0,6550117.0,959644541.4360001,安集科技
2025-09-19,146.162,143.777,150.062,142.369,3926674.0,564565407.698,安集科技
2025-09-22,144.615,147.077,148.323,141.785,3782993.0,556391261.461,安集科技
2025-09-23,148.046,149.839,150.423,143.185,4411093.0,660953764.027,安集科技
2025-09-24,149.615,167.692,175.608,148.077,9305597.0,1560474172.124,安集科技
2025-09-25,167.392,167.569,171.131,165.423,5390442.0,903270975.4979999,安集科技
2025-09-26,166.785,171.246,177.877,166.785,6433429.0,1101698982.5340002,安集科技
2025-09-29,170.592,178.346,180.385,167.769,5909790.0,1053987407.34,安集科技
2025-09-30,177.739,175.339,180.385,171.854,5666038.0,993477436.882,安集科技
2025-10-09,177.515,176.154,185.531,172.808,6552827.0,1154306687.358,安集科技
2025-10-10,172.692,166.931,177.769,165.008,6689049.0,1116609638.6190002,安集科技
2025-10-13,160.739,166.846,170.385,160.739,5200561.0,867692800.6060001,安集科技
2025-10-14,169.446,156.385,171.146,156.077,6072520.0,949651040.1999999,安集科技
2025-10-15,155.769,161.923,162.154,153.969,4111552.0,665754834.496,安集科技
2025-10-16,160.385,160.523,165.385,159.308,3286714.0,527593191.422,安集科技
2025-10-17,161.246,153.985,161.246,153.615,3643546.0,561051430.8100001,安集科技
2025-10-20,156.292,155.215,157.923,153.577,2929328.0,454675645.52,安集科技
2025-10-21,156.715,163.223,163.385,155.892,3843766.0,627391017.8180001,安集科技
2025-10-22,161.154,159.431,163.046,158.608,2398178.0,382343916.71800005,安集科技
2025-10-23,158.585,158.769,160.192,156.231,1888377.0,299815727.913,安集科技
2025-10-24,160.3,169.939,171.539,159.7,4777717.0,811920449.263,安集科技
2025-10-27,174.0,174.769,180.115,169.623,4245477.0,741977769.813,安集科技
2025-10-28,173.415,176.239,177.285,171.231,3343535.0,589261264.865,安集科技
2025-10-29,173.269,166.023,173.269,163.615,7163343.0,1189279694.889,安集科技
2025-10-30,165.769,160.115,168.4,160.077,4604054.0,737178106.21,安集科技
2025-10-31,160.115,151.015,160.923,150.585,6730937.0,1016472451.055,安集科技
2025-11-03,151.539,149.146,151.9,144.485,4312240.0,643153347.04,安集科技
2025-11-04,149.146,147.623,150.746,146.539,2845125.0,420005887.875,安集科技
2025-11-05,145.308,147.662,148.692,144.985,2502117.0,369467600.454,安集科技
2025-11-06,148.846,154.077,154.846,147.885,3923601.0,604536671.277,安集科技
2025-11-07,151.923,152.185,154.077,150.385,2757328.0,419623961.68,安集科技
2025-11-10,153.462,152.315,157.754,150.523,3831120.0,583537042.8,安集科技
2025-11-11,152.4,153.339,158.762,152.4,3519708.0,539708505.012,安集科技
2025-11-12,152.377,151.769,154.692,148.331,2318825.0,351925751.425,安集科技
2025-11-13,151.146,154.3,156.923,150.385,2848968.0,439595762.40000004,安集科技
2025-11-14,153.462,155.385,159.985,150.615,3592389.0,558203364.765,安集科技
2025-11-17,157.008,153.954,159.846,152.315,3014218.0,464050917.972,安集科技
2025-11-18,152.615,152.577,156.923,149.615,2749156.0,419457975.012,安集科技
2025-11-19,152.439,152.308,154.062,150.123,1801094.0,274321024.95199996,安集科技
2025-11-20,153.508,148.862,155.092,148.077,2340169.0,348362237.678,安集科技
2025-11-21,146.515,142.123,146.515,141.985,2961110.0,420841836.53,安集科技
2025-11-24,143.508,146.139,148.046,142.154,2659313.0,388629342.507,安集科技
2025-11-25,147.985,147.254,149.531,145.854,2209627.0,325376414.25799996,安集科技
2025-11-26,146.539,147.831,149.892,145.508,1904748.0,281580801.588,安集科技
2025-11-27,148.039,147.085,151.692,146.931,1946381.0,286283449.385,安集科技
2025-11-28,146.846,154.846,155.692,145.385,3535311.0,547428767.1060001,安集科技
2025-12-01,154.577,156.462,156.923,152.7,2643697.0,413638120.014,安集科技
2025-12-02,155.015,152.462,156.462,152.192,1690500.0,257737010.99999997,安集科技
2025-12-03,152.939,151.154,152.939,150.131,1571108.0,237479258.632,安集科技
2025-12-04,151.154,156.685,158.077,150.0,2956328.0,463212252.68,安集科技
2025-12-05,156.523,153.308,156.915,152.177,2415943.0,370383389.444,安集科技
2025-12-08,154.431,156.8,158.692,151.931,2461902.0,386026233.6,安集科技
2025-12-09,155.0,154.1,157.462,152.923,2163814.0,333443737.4,安集科技
2025-12-10,153.215,152.608,154.077,148.239,2430693.0,370943197.344,安集科技
2025-12-11,152.692,151.385,156.408,150.777,2315884.0,350590099.34,安集科技
2025-12-12,150.385,163.423,163.423,144.846,7496623.0,1225120620.529,安集科技
2025-12-15,158.846,157.154,163.308,156.539,4279076.0,672473909.704,安集科技
2025-12-16,156.2,153.462,157.539,152.762,2345327.0,359918572.074,安集科技
2025-12-17,153.231,155.723,156.485,150.462,2191221.0,341223507.78300005,安集科技
2025-12-18,154.231,153.908,156.2,153.3,1726363.0,265701076.60399997,安集科技
2025-12-19,155.0,157.0,159.539,153.846,2690081.0,422342717.0,安集科技
2025-12-22,157.077,162.615,164.8,156.708,3418063.0,555828314.745,安集科技
2025-12-23,161.269,166.946,171.815,161.269,3710924.0,619523918.104,安集科技
2025-12-24,167.1,171.215,172.615,165.785,2995223.0,512827105.945,安集科技
2025-12-25,171.231,169.631,171.923,167.846,2038735.0,345832656.785,安集科技
2025-12-26,168.846,167.154,171.077,167.0,1819890.0,304201893.06,安集科技
2025-12-29,167.062,164.915,168.908,164.231,2068065.0,341054939.47499996,安集科技
2025-12-30,164.923,165.923,167.562,163.969,1992877.0,330664130.471,安集科技
2025-12-31,168.846,167.246,172.154,162.162,2620051.0,438193049.546,安集科技
2026-01-05,168.923,174.231,175.0,168.846,3125244.0,544514387.364,安集科技
2026-01-06,175.0,179.785,185.369,174.231,4177820.0,751109368.6999999,安集科技
2026-01-07,185.254,213.762,215.777,185.254,8670118.0,1853341763.916,安集科技
2026-01-08,207.308,202.431,210.923,200.808,6597284.0,1335494797.404,安集科技
2026-01-09,200.269,206.154,207.046,197.362,5506173.0,1135119588.642,安集科技
2026-01-12,205.662,210.385,214.731,204.308,5776109.0,1215206691.965,安集科技
2026-01-13,207.908,201.985,213.377,201.385,4365368.0,881738855.48,安集科技
2026-01-14,205.692,207.292,212.923,202.069,4901832.0,1016110558.944,安集科技
2026-01-15,206.539,216.692,217.6,203.962,4960227.0,1074841509.084,安集科技
2026-01-16,218.423,232.369,232.369,215.769,7354715.0,1709007769.835,安集科技
2026-01-19,232.692,222.962,236.539,221.469,4320232.0,963247567.1839999,安集科技
2026-01-20,223.077,220.316,228.723,216.677,3561463.0,784647282.308,安集科技
2026-01-21,216.815,221.654,223.962,216.815,3490427.0,773667106.258,安集科技
2026-01-22,227.308,218.739,228.316,216.6,3185726.0,696842519.514,安集科技
2026-01-23,216.577,226.385,226.385,211.539,4218402.0,954982936.77,安集科技
2026-01-26,222.692,218.515,225.0,216.539,2944259.0,643364755.385,安集科技
2026-01-27,218.523,226.546,231.154,218.523,4292781.0,972512364.426,安集科技
2026-01-28,228.539,225.677,230.308,220.169,3494262.0,788574565.374,安集科技
2026-01-29,218.746,205.777,219.623,205.077,5887694.0,1211552008.238,安集科技
2026-01-30,205.554,207.131,209.615,198.846,4027033.0,834123372.323,安集科技
2026-02-02,204.231,198.431,206.831,197.923,3367764.0,668268778.284,安集科技
2026-02-03,201.923,204.023,204.615,198.139,2575148.0,525389420.404,安集科技
2026-02-04,201.154,199.939,204.0,197.054,2321561.0,464170584.779,安集科技
2026-02-05,196.539,199.715,203.077,194.054,2662745.0,531790117.675,安集科技
2026-02-06,199.723,200.539,207.015,197.754,2420875.0,485479851.62499994,安集科技
2026-02-09,204.246,204.231,205.762,200.808,2518446.0,514344745.02599996,安集科技
2026-02-10,204.231,203.177,205.0,200.385,2782118.0,565262388.886,安集科技
2026-02-11,202.692,204.277,205.377,200.677,2242132.0,458015998.56399995,安集科技
2026-02-12,205.0,205.762,206.062,201.054,2317768.0,476908579.216,安集科技
2026-02-13,202.931,203.408,208.939,201.162,2237512.0,455127840.89599997,安集科技
2026-02-24,204.231,208.385,210.892,202.077,2477301.0,516232368.885,安集科技
2026-02-25,208.039,213.462,218.077,204.385,3406735.0,727208466.5699999,安集科技
2026-02-26,215.0,217.154,217.762,208.862,2862441.0,621590512.914,安集科技
2026-02-27,213.677,206.131,214.762,205.669,3599260.0,741919063.06,安集科技
2026-03-02,200.831,202.692,207.731,200.462,3220865.0,652843568.58,安集科技
2026-03-03,202.6,191.408,205.369,189.6,4664139.0,892753517.7119999,安集科技
2026-03-04,192.331,190.0,196.115,188.115,3130324.0,594761560.0,安集科技
2026-03-05,194.231,191.154,195.539,189.231,2421148.0,462812124.792,安集科技
2026-03-06,190.385,189.846,192.6,189.615,1653714.0,313950988.044,安集科技
2026-03-09,185.777,188.015,188.669,179.615,2881518.0,541768606.77,安集科技
2026-03-10,190.385,191.385,193.462,187.331,2290053.0,438281793.405,安集科技
2026-03-11,189.615,188.662,192.646,187.646,2399958.0,452780876.19600004,安集科技
2026-03-12,189.615,187.077,190.608,185.008,1744517.0,326359006.809,安集科技
2026-03-13,185.154,181.754,187.662,181.269,3083369.0,560414649.226,安集科技
2026-03-16,181.754,184.654,185.746,176.0,3300924.0,609528820.296,安集科技
2026-03-17,185.154,180.123,186.854,180.008,2040107.0,367470193.16099995,安集科技
2026-03-18,183.731,187.154,188.292,180.408,2716900.0,508478702.59999996,安集科技
2026-03-19,183.462,179.123,184.154,178.154,3105881.0,556334722.3629999,安集科技
2026-03-20,179.631,178.292,182.669,178.292,2543872.0,453552026.624,安集科技
2026-03-23,174.231,168.431,176.539,167.908,3420670.0,576146868.77,安集科技
2026-03-24,171.815,175.908,176.323,167.846,3611585.0,635306694.18,安集科技
2026-03-25,178.077,180.554,184.792,176.539,2866236.0,517510374.744,安集科技
2026-03-26,181.054,176.531,181.515,175.023,1990969.0,351467748.53900003,安集科技
2026-03-27,179.615,189.692,192.369,179.362,4711871.0,893804233.732,安集科技
2026-03-30,187.646,198.415,200.292,186.239,5681618.0,1127318235.47,安集科技
2026-03-31,195.492,192.446,198.346,191.062,3130296.0,602412944.016,安集科技
2026-04-01,198.454,194.615,199.508,193.308,2396589.0,466412168.235,安集科技
2026-04-02,194.623,192.123,197.562,189.615,1932265.0,371232548.59499997,安集科技
2026-04-03,193.385,195.077,197.823,191.546,2240323.0,437035489.871,安集科技
2026-04-07,195.054,193.9,198.454,193.615,1442031.0,279609810.90000004,安集科技
2026-04-08,199.754,205.846,206.192,196.785,3307589.0,680853965.294,安集科技
2026-04-09,203.462,206.323,208.846,201.177,2666219.0,550102302.737,安集科技
2026-04-10,207.231,203.669,210.123,203.0,2418210.0,492514412.49,安集科技
2026-04-13,202.077,195.985,203.462,195.062,2886675.0,565744999.875,安集科技
2026-04-14,198.692,201.0,204.692,198.0,2527653.0,508058253.0,安集科技
2026-04-15,205.0,193.346,206.023,192.739,3085919.0,596650094.974,安集科技
2026-04-16,193.546,194.577,195.508,190.754,3570420.0,694721612.34,安集科技
2026-04-17,195.0,188.077,195.462,187.385,3514775.0,661048337.675,安集科技
2026-04-20,188.1,189.069,190.846,184.615,4103841.0,775909114.0289999,安集科技
2026-04-21,190.385,188.392,190.831,185.008,2838137.0,534682305.704,安集科技
2026-04-22,188.077,191.008,191.677,187.015,3473584.0,663482332.672,安集科技
2026-04-23,192.462,187.9,193.831,184.269,3824836.0,718686684.4,安集科技
2026-04-24,187.9,188.939,191.531,185.462,3881421.0,733351802.319,安集科技
2026-04-27,191.339,196.692,199.615,189.1,5302488.0,1042956969.696,安集科技
2026-04-28,195.154,198.0,203.0,189.469,5627156.0,1114176888.0,安集科技
2026-04-29,189.231,188.031,191.154,176.639,11563303.0,2174259426.393,安集科技
2026-04-30,186.923,192.077,195.754,185.615,6732631.0,1293183564.587,安集科技
2026-05-06,199.615,199.5,208.562,195.923,7375133.0,1471339033.5,安集科技
2026-05-07,201.915,204.239,204.992,197.562,5416976.0,1106357761.264,安集科技
2026-05-08,200.862,196.539,200.908,193.662,4763526.0,936218636.5139999,安集科技
2026-05-11,200.277,207.462,212.6,200.277,6877253.0,1426768661.886,安集科技
2026-05-12,207.385,208.462,210.646,202.262,5913653.0,1232771931.6859999,安集科技
2026-05-13,206.539,220.385,222.792,205.792,7776460.0,1713815137.1,安集科技
2026-05-14,222.685,208.077,222.692,207.569,7513495.0,1563385499.115,安集科技
2026-05-15,206.539,212.539,222.731,198.992,8732618.0,1856021897.102,安集科技
2026-05-18,217.939,221.585,233.369,217.808,8522691.0,1888500485.2350001,安集科技
2026-05-19,219.616,233.462,234.908,213.539,8508888.0,1986502010.2559998,安集科技
2026-05-20,232.692,248.723,253.8,232.0,9833255.0,2445756683.3650002,安集科技
2026-05-21,251.923,234.069,264.385,233.285,11844201.0,2772360283.869,安集科技
2026-05-22,237.308,238.992,241.769,227.369,8423517.0,2013153174.8639998,安集科技
2026-05-25,238.846,252.862,264.246,231.316,9330695.0,2359378199.09,安集科技
2026-05-26,257.862,260.616,260.839,242.846,8074627.0,2104376990.2319999,安集科技
2026-05-27,259.616,240.292,267.692,240.0,8775564.0,2108697824.688,安集科技
2026-05-28,237.308,232.692,238.846,226.177,8909097.0,2073075599.124,安集科技
2026-05-29,233.269,218.254,234.846,215.792,7942864.0,1733561839.4559999,安集科技
2026-06-01,220.123,205.769,221.377,205.154,6476907.0,1332746676.483,安集科技
2026-06-02,208.077,210.523,215.685,205.254,5754544.0,1211463866.512,安集科技
2026-06-03,211.154,214.231,220.977,209.631,6162023.0,1320096349.313,安集科技
2026-06-04,207.846,216.992,219.446,207.4,5429428.0,1178142440.576,安集科技
2026-06-05,213.923,209.615,221.369,208.462,5642556.0,1182764375.94,安集科技
2026-06-08,195.769,199.446,205.954,195.769,5078213.0,1012829269.998,安集科技
2026-06-09,203.439,214.431,216.269,201.923,5872956.0,1259343828.036,安集科技
2026-06-10,210.16,216.4,221.0,210.13,7786153.0,1684923509.2,安集科技
2026-06-11,214.2,230.45,232.95,214.15,12659509.0,2917383849.0499997,安集科技
2026-06-12,240.3,225.0,244.2,223.0,13798359.0,3104630775.0,安集科技
2026-06-15,225.0,233.67,233.8,220.66,9477697.0,2214653457.99,安集科技
2026-06-16,235.33,232.88,238.8,227.24,10230788.0,2382545909.44,安集科技
2026-06-17,228.0,245.62,245.62,226.45,11163888.0,2742074170.56,安集科技
2026-06-18,244.42,245.99,250.68,242.5,10173279.0,2502524901.21,安集科技
2026-06-22,251.19,257.2,259.22,243.32,11021388.0,2834700993.6,安集科技
2026-06-23,254.99,246.1,255.84,241.8,9033037.0,2223030405.7,安集科技
2026-06-24,243.23,264.3,268.78,239.86,12523238.0,3309891803.4,安集科技
2026-06-25,270.0,268.55,272.8,257.57,11406093.0,3063106275.15,安集科技
2026-06-26,262.31,274.48,281.0,258.8,11628310.0,3191738528.8,安集科技
2026-06-29,282.8,304.8,309.8,280.18,15496061.0,4723199392.8,安集科技
2026-06-30,306.37,339.46,339.98,303.02,13486763.0,4578216567.98,安集科技
2026-07-01,326.22,322.6,366.0,317.21,16733470.0,5398217422.0,安集科技
2026-07-02,308.0,301.4,322.0,290.17,13083822.0,3943463950.7999997,安集科技
2026-07-03,295.0,284.31,301.98,277.3,12670799.0,3602434863.69,安集科技
2026-07-06,291.8,289.35,303.9,281.82,11699409.0,3385223994.15,安集科技
2026-07-07,283.46,300.02,306.7,283.0,9447535.0,2834449450.7,安集科技
2026-07-08,300.9,316.09,323.8,284.24,12008099.0,3795640012.91,安集科技
2026-07-09,326.03,343.9,346.5,309.0,13514402.0,4647602847.799999,安集科技
2026-07-10,344.0,312.8,362.49,312.5,14006155.0,4381125284.0,安集科技
2026-07-13,305.0,297.58,321.87,295.03,11415353.0,3396980745.74,安集科技
2026-07-14,297.38,293.5,302.0,271.14,13055678.0,3831841493.0,安集科技
2026-07-15,306.99,283.0,315.0,278.79,11277100.0,3191419300.0,安集科技
2026-07-16,273.33,256.53,279.0,253.03,11589243.0,2972988506.7899995,安集科技
2026-07-17,250.1,239.06,259.49,239.06,11036352.0,2638350309.12,安集科技
2026-07-20,245.0,224.58,248.0,217.3,11679459.0,2622972902.2200003,安集科技
2026-07-21,229.0,262.0,263.0,213.88,12576518.0,3295047716.0,安集科技
2026-07-22,255.0,253.01,267.0,251.12,12748342.0,3225458009.42,安集科技
2026-07-23,256.0,244.13,257.96,241.2,7395300.0,1805414589.0,安集科技
2026-07-24,240.0,256.49,260.27,235.05,9370626.0,2403471862.7400002,安集科技
2026-07-27,256.44,264.9,269.1,245.78,9572400.0,2535728760.0,安集科技
2026-07-28,256.5,253.0,269.63,251.0,9561251.0,2418996503.0,安集科技
2026-07-29,248.95,254.81,257.0,231.52,10932807.0,2785788551.67,安集科技
2026-07-30,247.06,229.45,249.98,228.12,10039923.0,2303660332.35,安集科技
2026-07-31,250.0,237.38,255.84,237.38,10624599.0,2522067310.62,安集科技
2026-08-03,235.02,216.91,237.0,215.88,9861010.0,2138951679.1,安集科技
2026-08-04,224.04,227.66,231.99,216.58,9459818.0,2153622165.88,安集科技
2026-08-05,231.54,241.09,245.67,229.94,9057478.0,2183667371.02,安集科技
2026-08-06,235.1,244.4,251.88,231.8,9182666.0,2244243570.4,安集科技
2026-08-07,243.0,251.68,254.5,242.0,7419782.0,1867410733.76,安集科技
2026-08-10,251.0,253.08,261.8,247.0,7941793.0,2009908972.44,安集科技
2026-08-11,249.0,246.0,255.4,243.99,5992119.0,1474061274.0,安集科技
2026-08-12,247.66,250.36,253.0,246.11,4822361.0,1207326299.96,安集科技
2026-08-13,255.0,242.5,257.5,242.0,6149303.0,1491205977.5,安集科技
2026-08-14,246.79,248.2,251.71,243.03,5082182.0,1261397572.3999999,安集科技
2026-08-17,248.11,261.92,261.98,246.21,7702019.0,2017312816.48,安集科技
2026-08-18,262.0,272.98,273.85,258.66,9342646.0,2550355505.0800004,安集科技
2026-08-19,264.0,248.64,272.5,247.0,10737962.0,2669886871.68,安集科技
2026-08-20,256.58,248.41,257.0,245.32,6488846.0,1611894234.86,安集科技
2026-08-21,248.98,241.07,248.98,239.2,5287155.0,1274574455.85,安集科技
2026-08-24,241.9,242.32,243.78,231.02,6083718.0,1474206545.76,安集科技
2026-08-25,238.0,233.6,238.23,228.38,5862626.0,1369509433.6,安集科技
2026-08-26,234.0,233.8,235.34,227.27,4817703.0,1126378961.4,安集科技
2026-08-27,239.76,248.06,251.6,238.47,7044879.0,1747552684.74,安集科技
2026-08-28,248.06,243.2,251.88,242.7,4602447.0,1119315110.3999999,安集科技
2026-08-31,236.98,239.0,239.0,228.85,6501440.0,1553844160.0,安集科技
2026-09-01,237.0,227.02,237.0,226.81,5362411.0,1217374545.22,安集科技
2026-09-02,223.78,225.6,229.06,220.22,3740204.0,843790022.4,安集科技
2026-09-03,228.1,222.64,229.44,221.18,3544044.0,789045956.16,安集科技
2026-09-04,225.0,212.5,226.27,210.61,6139808.0,1304709200.0,安集科技
